,accuracy,val_accuracy,loss,val_loss
0,0.3524169921875,0.350067138671875,1.3778698444366455,1.3636027574539185
1,0.43418121337890625,0.449737548828125,1.1710935831069946,1.1667197942733765
2,0.46489715576171875,0.429534912109375,1.1265054941177368,1.1850690841674805
3,0.48424530029296875,0.440887451171875,1.0687847137451172,1.1626956462860107
4,0.5000076293945312,0.508636474609375,1.034486174583435,1.0402663946151733
5,0.5007400512695312,0.464141845703125,1.0345160961151123,1.134839415550232
6,0.51544189453125,0.506011962890625,0.9884262084960938,1.0342233180999756
7,0.5205764770507812,0.4840087890625,0.978361964225769,1.151504397392273
8,0.5309600830078125,0.503082275390625,0.9537836313247681,1.024072289466858
9,0.5372390747070312,0.5086669921875,0.9432263970375061,1.066037893295288
10,0.5260086059570312,0.524627685546875,0.9780112504959106,1.033217430114746
11,0.5458908081054688,0.55340576171875,0.9291356801986694,0.9252030253410339
12,0.5445327758789062,0.453887939453125,0.929809033870697,1.693686842918396
13,0.5583343505859375,0.545562744140625,0.897590160369873,0.9521399736404419
14,0.5666580200195312,0.56292724609375,0.8794804215431213,0.9183998107910156
15,0.5713729858398438,0.568267822265625,0.8738759160041809,0.9082129001617432
16,0.5782699584960938,0.544189453125,0.8558399677276611,0.9865472316741943
17,0.5852813720703125,0.56878662109375,0.8433184623718262,0.8809842467308044
18,0.5867767333984375,0.58782958984375,0.8415446281433105,0.8797755837440491
19,0.563568115234375,0.499237060546875,0.900992214679718,1.0688480138778687
20,0.5576019287109375,0.561981201171875,0.9104213714599609,0.9420821666717529
21,0.5792922973632812,0.54638671875,0.8652742505073547,1.0549123287200928
22,0.5872726440429688,0.56890869140625,0.8472651839256287,0.8930882811546326
23,0.5963211059570312,0.542083740234375,0.824922502040863,1.152763843536377
24,0.6010818481445312,0.56414794921875,0.8146417737007141,0.9467411041259766
25,0.6033554077148438,0.590667724609375,0.8101968765258789,0.8307549953460693
26,0.6082763671875,0.57666015625,0.8005729913711548,0.9139329195022583
27,0.6094284057617188,0.5728759765625,0.7978943586349487,0.8976004719734192
28,0.6087646484375,0.56915283203125,0.8019958138465881,0.9698294401168823
29,0.6138992309570312,0.61260986328125,0.7922407984733582,0.805647075176239
30,0.6175155639648438,0.55633544921875,0.7817465662956238,0.9968760013580322
31,0.619598388671875,0.5968017578125,0.7774433493614197,0.8285184502601624
32,0.617919921875,0.56317138671875,0.794516384601593,1.0373002290725708
33,0.6109771728515625,0.585906982421875,0.8058933615684509,0.8893970847129822
34,0.61627197265625,0.586456298828125,0.7891551852226257,0.9010568857192993
35,0.6216506958007812,0.606170654296875,0.7707851529121399,0.9109148383140564
36,0.6298294067382812,0.62811279296875,0.760492205619812,0.879807710647583
37,0.6331100463867188,0.53948974609375,0.7534550428390503,1.146290898323059
38,0.6025238037109375,0.596771240234375,0.8097351789474487,0.8282285332679749
39,0.6070175170898438,0.544586181640625,0.8134576678276062,0.9511438608169556
40,0.6119384765625,0.582183837890625,0.7938483357429504,0.9426052570343018
41,0.628875732421875,0.6082763671875,0.7596613168716431,0.8302063345909119
42,0.63348388671875,0.62628173828125,0.7534451484680176,0.8039843440055847
43,0.6365203857421875,0.604156494140625,0.7442853450775146,0.8980329036712646
44,0.638641357421875,0.610198974609375,0.7403141260147095,0.8931282758712769
45,0.6165542602539062,0.45062255859375,0.8056235313415527,1.2271567583084106
46,0.5771560668945312,0.615081787109375,0.9093362092971802,0.8184927105903625
47,0.5662078857421875,0.56683349609375,0.9135059118270874,1.0813082456588745
48,0.6128005981445312,0.59722900390625,0.7976118326187134,0.8558515310287476
49,0.6334075927734375,0.60150146484375,0.75146484375,0.8230654001235962
50,0.6358566284179688,0.589019775390625,0.7461603879928589,1.0750162601470947
51,0.6412811279296875,0.64691162109375,0.7354472279548645,0.7676355838775635
52,0.6477584838867188,0.56646728515625,0.725100576877594,1.0973389148712158
53,0.6448516845703125,0.595428466796875,0.7307121753692627,0.9161949157714844
54,0.6433258056640625,0.556884765625,0.7321645617485046,1.2387347221374512
55,0.648529052734375,0.594024658203125,0.7225192189216614,0.9253798127174377
56,0.6483154296875,0.62921142578125,0.7210650444030762,0.9757746458053589
57,0.64617919921875,0.6163330078125,0.7267903685569763,0.8056169152259827
58,0.65411376953125,0.605987548828125,0.7107111811637878,0.9807023406028748
59,0.650543212890625,0.6241455078125,0.7199430465698242,0.8347298502922058
60,0.6580963134765625,0.6356201171875,0.7020549178123474,0.7782092094421387
61,0.6546630859375,0.594696044921875,0.7088739275932312,0.9151544570922852
62,0.6606597900390625,0.5750732421875,0.697780430316925,1.179807424545288
63,0.6525421142578125,0.643096923828125,0.7146522402763367,0.7503505349159241
64,0.6620635986328125,0.57598876953125,0.6945512294769287,4.569580078125
65,0.6580810546875,0.339691162109375,0.7102190256118774,1.8727136850357056
66,0.5995407104492188,0.55120849609375,0.8501091003417969,1.0718823671340942
67,0.6317520141601562,0.636749267578125,0.770058274269104,0.7642677426338196
68,0.6455078125,0.5677490234375,0.7339373826980591,1.0951871871948242
69,0.6532211303710938,0.600921630859375,0.7148159146308899,0.8965547680854797
70,0.6546554565429688,0.615875244140625,0.7102911472320557,0.8316674828529358
71,0.6588668823242188,0.62371826171875,0.7031826376914978,0.8145827651023865
72,0.6314163208007812,0.608154296875,0.7600083351135254,0.8308082222938538
73,0.6289291381835938,0.610076904296875,0.7583225965499878,0.8422086238861084
74,0.6509475708007812,0.566650390625,0.7152562141418457,1.1834945678710938
75,0.6551666259765625,0.5703125,0.7104516625404358,1.1341689825057983
76,0.6584396362304688,0.630615234375,0.7010712623596191,0.8570476770401001
77,0.6669158935546875,0.66070556640625,0.6881680488586426,0.7504968047142029
78,0.6646652221679688,0.65789794921875,0.6908048391342163,0.7924677729606628
79,0.6683197021484375,0.652923583984375,0.6832444071769714,1.204710841178894
80,0.6638031005859375,0.61102294921875,0.6949664950370789,1.0185489654541016
81,0.624542236328125,0.631317138671875,0.7757357358932495,0.8138273358345032
82,0.6459121704101562,0.58612060546875,0.7255442142486572,0.9411520957946777
83,0.66351318359375,0.63043212890625,0.6942181587219238,0.8679748773574829
84,0.6891250610351562,0.606689453125,0.6405856013298035,1.8720260858535767
85,0.6932373046875,0.656646728515625,0.6346684098243713,0.7383144497871399
86,0.6949234008789062,0.67034912109375,0.6304263472557068,1.1145588159561157
87,0.6922988891601562,0.670135498046875,0.6355499625205994,0.8930383324623108
88,0.6973648071289062,0.652191162109375,0.6256901621818542,0.8326045274734497
89,0.6651611328125,0.623291015625,0.7030447125434875,0.8645601272583008
90,0.6747207641601562,0.644073486328125,0.6777019500732422,0.8383474349975586
91,0.6891555786132812,0.64825439453125,0.6485727429389954,1.0651694536209106
92,0.6947250366210938,0.685333251953125,0.6345991492271423,0.6880505084991455
93,0.6981964111328125,0.613861083984375,0.6264541149139404,1.3704032897949219
94,0.6992111206054688,0.666778564453125,0.6239367723464966,0.7147477269172668
95,0.7024688720703125,0.689544677734375,0.6167981028556824,0.6462684869766235
96,0.7009124755859375,0.61956787109375,0.6207380294799805,1.1313700675964355
97,0.703948974609375,0.596160888671875,0.6159719824790955,1.5600993633270264
98,0.7052688598632812,0.629150390625,0.6112691164016724,1.1335806846618652
99,0.7056961059570312,0.682891845703125,0.6101073622703552,0.7677342295646667
100,0.7070465087890625,0.652984619140625,0.6091541647911072,1.0998395681381226
101,0.70806884765625,0.606719970703125,0.6093564033508301,2.7113373279571533
102,0.6872787475585938,0.62786865234375,0.6591781377792358,0.910761296749115
103,0.7056732177734375,0.678131103515625,0.6125894784927368,0.7528851628303528
104,0.7115478515625,0.636932373046875,0.5998771786689758,1.5221284627914429
105,0.7122650146484375,0.63238525390625,0.6003527641296387,0.9959341287612915
106,0.7124404907226562,0.694000244140625,0.5998498201370239,0.6654139161109924
107,0.7081756591796875,0.6412353515625,0.608250617980957,1.2357499599456787
108,0.7117691040039062,0.6439208984375,0.5988789796829224,0.8027948141098022
109,0.7112655639648438,0.6331787109375,0.5997033715248108,0.9989379048347473
110,0.7128219604492188,0.690460205078125,0.5976703763008118,0.8785246014595032
111,0.7160263061523438,0.687164306640625,0.5920459628105164,0.6643129587173462
112,0.7181320190429688,0.63739013671875,0.5896932482719421,0.8752092123031616
113,0.7123336791992188,0.7032470703125,0.5992202758789062,0.9212766289710999
114,0.7182769775390625,0.61663818359375,0.5876561999320984,1.1356674432754517
115,0.715667724609375,0.618255615234375,0.5918512344360352,1.2307565212249756
116,0.7324295043945312,0.65771484375,0.5593128800392151,0.8326113820075989
117,0.7339706420898438,0.6558837890625,0.5538498759269714,0.9931260943412781
118,0.735260009765625,0.6934814453125,0.5531678199768066,0.8802405595779419
119,0.7331771850585938,0.6962890625,0.5589942932128906,0.6595808863639832
120,0.739105224609375,0.7095947265625,0.5443175435066223,0.6147469878196716
121,0.7236099243164062,0.68756103515625,0.5740410685539246,0.7181023955345154
122,0.7309341430664062,0.706329345703125,0.5613971948623657,0.7245984673500061
123,0.737030029296875,0.696624755859375,0.5459088087081909,0.7110015153884888
124,0.7410430908203125,0.646575927734375,0.5428479313850403,0.9302307963371277
125,0.74114990234375,0.71063232421875,0.5405470132827759,0.6311348676681519
126,0.7396392822265625,0.68951416015625,0.5434087514877319,0.6984183192253113
127,0.7433700561523438,0.7076416015625,0.5344509482383728,0.7772461175918579
128,0.7426681518554688,0.7197265625,0.5365313291549683,0.598347008228302
129,0.7443389892578125,0.64752197265625,0.534905195236206,0.8824929594993591
130,0.7447967529296875,0.71221923828125,0.5344036817550659,0.6794463992118835
131,0.7417831420898438,0.682281494140625,0.5435818433761597,0.9402639269828796
132,0.7438278198242188,0.6162109375,0.536156177520752,1.813114881515503
133,0.7454452514648438,0.71600341796875,0.5332878232002258,0.6061449646949768
134,0.7476272583007812,0.6507568359375,0.5313323736190796,0.94099360704422
135,0.7472686767578125,0.649871826171875,0.5298556089401245,0.8333507776260376
136,0.744781494140625,0.6988525390625,0.5346725583076477,0.6980414986610413
137,0.7295455932617188,0.604400634765625,0.5732868313789368,1.4160610437393188
138,0.6799240112304688,0.66314697265625,0.6671468019485474,0.7102413773536682
139,0.6922988891601562,0.64068603515625,0.6336877346038818,0.9338513612747192
140,0.71771240234375,0.693756103515625,0.5851543545722961,0.8908563256263733
141,0.7318878173828125,0.664764404296875,0.5594168901443481,0.8601987361907959
142,0.7357101440429688,0.698394775390625,0.5550602674484253,0.627187192440033
143,0.7319107055664062,0.639678955078125,0.5624973177909851,0.7933390140533447
144,0.7339248657226562,0.6866455078125,0.5562286972999573,0.7903463840484619
145,0.741607666015625,0.653411865234375,0.5426080226898193,0.9490230679512024
146,0.746856689453125,0.699798583984375,0.5295604467391968,0.7638841867446899
147,0.7496871948242188,0.654541015625,0.5282413363456726,0.9346375465393066
148,0.7473602294921875,0.716766357421875,0.5259456634521484,0.594855546951294
149,0.7497711181640625,0.670196533203125,0.5241091847419739,0.8667914271354675
150,0.7310562133789062,0.717254638671875,0.566554844379425,0.6041311025619507
151,0.7490921020507812,0.67529296875,0.5268808603286743,0.8246495127677917
152,0.747711181640625,0.688751220703125,0.5293374061584473,0.6869471669197083
153,0.7413482666015625,0.63580322265625,0.5432453155517578,0.9476596713066101
154,0.7458038330078125,0.63397216796875,0.5305801033973694,1.0179706811904907
155,0.7481536865234375,0.676910400390625,0.5270828008651733,0.8071510195732117
156,0.7522201538085938,0.693389892578125,0.5211367011070251,0.7059618830680847
157,0.7478485107421875,0.648223876953125,0.5343757271766663,0.8917460441589355
158,0.742095947265625,0.68524169921875,0.5454408526420593,0.722923755645752
159,0.7540664672851562,0.717376708984375,0.5162485837936401,0.5941060185432434
160,0.7149429321289062,0.57281494140625,0.5990190505981445,1.5045514106750488
161,0.7077865600585938,0.68206787109375,0.6047030091285706,0.8287704586982727
162,0.7301254272460938,0.682647705078125,0.5621408224105835,0.6883302330970764
163,0.739501953125,0.685455322265625,0.5463961362838745,0.7466086149215698
164,0.7435989379882812,0.695343017578125,0.5360090732574463,0.666660726070404
165,0.7405242919921875,0.680145263671875,0.5449402928352356,1.1007957458496094
166,0.7489395141601562,0.6494140625,0.5271792411804199,0.9897782802581787
167,0.75,0.70648193359375,0.5250751376152039,0.7650498747825623
168,0.7493438720703125,0.65313720703125,0.5256621837615967,0.9667007327079773
169,0.7495880126953125,0.64013671875,0.5263083577156067,1.0136280059814453
170,0.754119873046875,0.69537353515625,0.5165895223617554,0.6642459034919739
171,0.7558364868164062,0.719940185546875,0.5139183402061462,0.5850359201431274
172,0.75531005859375,0.635009765625,0.5139585733413696,1.1725770235061646
173,0.6791152954101562,0.63873291015625,0.6898969411849976,0.7760228514671326
174,0.6926727294921875,0.6822509765625,0.6541775465011597,0.6785827875137329
175,0.6776351928710938,0.666351318359375,0.6786177754402161,0.6928656697273254
176,0.6933364868164062,0.67608642578125,0.6395092010498047,0.7342447638511658
177,0.7163619995117188,0.70391845703125,0.5972765684127808,0.7923327088356018
178,0.7301254272460938,0.714508056640625,0.5713163614273071,2.8986597061157227
179,0.726776123046875,0.71392822265625,0.5758072137832642,1.061199426651001
180,0.7327346801757812,0.713348388671875,0.5652288198471069,0.9982773065567017
181,0.7217559814453125,0.68426513671875,0.5940698981285095,0.930607259273529
182,0.7352294921875,0.718292236328125,0.5571576952934265,0.9478673338890076
183,0.7428665161132812,0.713165283203125,0.5425799489021301,1.0064603090286255
184,0.7474594116210938,0.691192626953125,0.5363652110099792,0.7767659425735474
185,0.7476806640625,0.71875,0.5333772301673889,0.7889308333396912
186,0.7523727416992188,0.7208251953125,0.523537814617157,0.8329514265060425
187,0.7400588989257812,0.660064697265625,0.5542225241661072,0.9694483280181885
188,0.7315597534179688,0.70672607421875,0.5700175762176514,0.691708505153656
189,0.7386093139648438,0.699615478515625,0.5635870099067688,0.6925668120384216
190,0.752288818359375,0.71160888671875,0.5249543786048889,0.6223193407058716
191,0.7553787231445312,0.704498291015625,0.5178229808807373,0.661230742931366
192,0.7627182006835938,0.710968017578125,0.5052871108055115,0.6562398076057434
193,0.7662734985351562,0.71649169921875,0.4934816062450409,0.6222747564315796
194,0.7679595947265625,0.70806884765625,0.49377304315567017,0.6435480117797852
195,0.7678909301757812,0.707977294921875,0.4891962707042694,0.6809517741203308
196,0.7338180541992188,0.70770263671875,0.58920818567276,0.660732090473175
197,0.7482070922851562,0.715179443359375,0.538316011428833,0.682129979133606
198,0.7572860717773438,0.711151123046875,0.5188243389129639,0.7795072197914124
199,0.7556533813476562,0.717529296875,0.5206267237663269,0.7049725651741028
200,0.7670822143554688,0.694244384765625,0.49548837542533875,0.8578017950057983
201,0.7692794799804688,0.723541259765625,0.49360182881355286,0.6214919686317444
202,0.770721435546875,0.72802734375,0.49015673995018005,0.6090324521064758
203,0.7710189819335938,0.732086181640625,0.4857290983200073,0.5827364921569824
204,0.77056884765625,0.7088623046875,0.4885445833206177,0.6652430295944214
205,0.7725753784179688,0.708984375,0.48456424474716187,0.704425036907196
206,0.772735595703125,0.729248046875,0.48038557171821594,0.5823659896850586
207,0.7741775512695312,0.729827880859375,0.4820118844509125,0.5839694738388062
208,0.7761688232421875,0.718719482421875,0.47650671005249023,0.9606379866600037
209,0.7757110595703125,0.734466552734375,0.4759719669818878,0.5842214226722717
210,0.7744216918945312,0.727020263671875,0.4778802692890167,0.5985152721405029
211,0.7748947143554688,0.714996337890625,0.4769887626171112,0.9159618020057678
212,0.7764968872070312,0.71673583984375,0.47579583525657654,0.7987919449806213
213,0.7779541015625,0.72796630859375,0.4699861705303192,0.68199622631073
214,0.7768478393554688,0.71868896484375,0.47485730051994324,0.7572677731513977
215,0.77752685546875,0.71856689453125,0.4738923907279968,0.7336577773094177
216,0.7792587280273438,0.709564208984375,0.46896693110466003,0.7762187123298645
217,0.7798843383789062,0.7200927734375,0.4674845039844513,0.6451827883720398
218,0.7787246704101562,0.739105224609375,0.47217032313346863,0.5979681015014648
219,0.7817230224609375,0.734283447265625,0.46559494733810425,0.6144226789474487
220,0.78143310546875,0.705413818359375,0.466663122177124,0.7350554466247559
221,0.7729721069335938,0.730926513671875,0.48280319571495056,0.5862039923667908
222,0.7794723510742188,0.7227783203125,0.46926409006118774,0.6196976900100708
223,0.7822113037109375,0.73223876953125,0.46202144026756287,0.5900412797927856
224,0.7827682495117188,0.71331787109375,0.4615437090396881,0.6713125705718994
225,0.7798843383789062,0.712493896484375,0.4694068431854248,0.6439988017082214
226,0.7826156616210938,0.729156494140625,0.4618227481842041,0.5968039631843567
227,0.7916412353515625,0.746002197265625,0.44465166330337524,0.5575100779533386
228,0.793182373046875,0.73162841796875,0.4429619610309601,0.6242069602012634
229,0.7920608520507812,0.712615966796875,0.4420352876186371,0.6644611954689026
230,0.7914581298828125,0.7230224609375,0.4440315365791321,0.6543196439743042
231,0.7937774658203125,0.7393798828125,0.4403408467769623,0.5724278092384338
232,0.7929763793945312,0.74169921875,0.44121330976486206,0.5833404660224915
233,0.7930221557617188,0.743194580078125,0.43902528285980225,0.5657874941825867
234,0.7945022583007812,0.741668701171875,0.43830448389053345,0.5772080421447754
235,0.787261962890625,0.718780517578125,0.46634605526924133,0.670382559299469
236,0.795623779296875,0.7322998046875,0.43670257925987244,0.6130717992782593
237,0.7960586547851562,0.739959716796875,0.4358522891998291,0.588869571685791
238,0.786712646484375,0.7137451171875,0.45994654297828674,0.6887056827545166
239,0.7958831787109375,0.740966796875,0.4366720914840698,0.5776954889297485
240,0.7975921630859375,0.735504150390625,0.4346349835395813,0.5842561721801758
241,0.79754638671875,0.739044189453125,0.43226906657218933,0.593673050403595
242,0.7313690185546875,0.682220458984375,0.6149570941925049,0.7075513005256653
243,0.7425460815429688,0.71929931640625,0.5640469789505005,0.6317743062973022
244,0.7552413940429688,0.71710205078125,0.5316081643104553,0.6259884238243103
245,0.7633209228515625,0.714813232421875,0.5159028172492981,0.700145959854126
246,0.7782058715820312,0.7255859375,0.48232483863830566,0.6272648572921753
247,0.7834548950195312,0.733612060546875,0.4693600833415985,0.6628592610359192
248,0.7876358032226562,0.74090576171875,0.4604787826538086,0.6279366612434387
249,0.7893218994140625,0.733245849609375,0.457854688167572,0.6427215933799744
250,0.7902679443359375,0.742034912109375,0.4527922570705414,0.6325217485427856
251,0.7899932861328125,0.713409423828125,0.45484235882759094,0.8981567025184631
252,0.79241943359375,0.73211669921875,0.4506784975528717,0.6939898729324341
253,0.7885513305664062,0.7376708984375,0.45618778467178345,0.7613357901573181
254,0.7883987426757812,0.729400634765625,0.46416133642196655,0.9063592553138733
255,0.78680419921875,0.744384765625,0.45915472507476807,0.6407409310340881
256,0.7949142456054688,0.738189697265625,0.44546398520469666,0.6618880033493042
257,0.7950820922851562,0.741668701171875,0.44571003317832947,0.6551995873451233
258,0.7963333129882812,0.744232177734375,0.43789708614349365,0.5842468738555908
259,0.797607421875,0.727020263671875,0.43726423382759094,0.7129632234573364
260,0.7992324829101562,0.741485595703125,0.43457943201065063,0.60225510597229
261,0.7963333129882812,0.74237060546875,0.44014066457748413,0.6525412201881409
262,0.7987289428710938,0.7230224609375,0.43489131331443787,0.7637899518013
263,0.7996978759765625,0.740142822265625,0.4310939311981201,0.6528186798095703
264,0.7964859008789062,0.74517822265625,0.43869486451148987,0.6381168365478516
265,0.8000335693359375,0.74664306640625,0.43079105019569397,0.6440292000770569
266,0.8017120361328125,0.7247314453125,0.42859184741973877,0.8076645135879517
267,0.8011093139648438,0.744293212890625,0.42923399806022644,0.6545473337173462
268,0.7974319458007812,0.73065185546875,0.4371207058429718,0.6899165511131287
269,0.8035049438476562,0.744171142578125,0.42537176609039307,0.6745424270629883
270,0.8042068481445312,0.75018310546875,0.421987920999527,0.5801900625228882
271,0.8045883178710938,0.74261474609375,0.419108510017395,0.6130549907684326
272,0.8046722412109375,0.748779296875,0.42083099484443665,0.5897905230522156
273,0.8053436279296875,0.732513427734375,0.42022499442100525,0.6457909941673279
274,0.8045654296875,0.747314453125,0.4198321998119354,0.580416738986969
275,0.8033447265625,0.75048828125,0.4225864112377167,0.6159030795097351
276,0.8041534423828125,0.7464599609375,0.42280134558677673,0.6559246778488159
277,0.803619384765625,0.737548828125,0.4209892153739929,0.6140710115432739
278,0.8010330200195312,0.731781005859375,0.4279870092868805,0.6132341623306274
279,0.8050079345703125,0.749664306640625,0.41813790798187256,0.5711293816566467
280,0.8074722290039062,0.74896240234375,0.416611909866333,0.5750325322151184
281,0.8057098388671875,0.749603271484375,0.41707003116607666,0.5884988307952881
282,0.807159423828125,0.748443603515625,0.4164079427719116,0.5711643099784851
283,0.8065414428710938,0.748748779296875,0.41662004590034485,0.5827686190605164
284,0.8055496215820312,0.7491455078125,0.41809892654418945,0.5655030012130737
285,0.8076858520507812,0.749847412109375,0.4154333472251892,0.6042878031730652
286,0.8070144653320312,0.748870849609375,0.41661491990089417,0.7521584630012512
287,0.8050308227539062,0.743621826171875,0.41788914799690247,0.6565290689468384
288,0.8080902099609375,0.750579833984375,0.41273897886276245,0.6680611968040466
289,0.8088302612304688,0.752227783203125,0.4129643142223358,0.5851681232452393
290,0.8091583251953125,0.748748779296875,0.4117225408554077,0.5994833111763
291,0.80828857421875,0.748138427734375,0.4117963910102844,0.571179211139679
292,0.8089447021484375,0.7489013671875,0.41032612323760986,0.5906532406806946
293,0.8091659545898438,0.75054931640625,0.4112951159477234,0.5688193440437317
294,0.8095169067382812,0.7508544921875,0.41153889894485474,0.5813841223716736
295,0.8088760375976562,0.750732421875,0.4108915328979492,0.5930800437927246
296,0.8090972900390625,0.748870849609375,0.41082435846328735,0.5955538749694824
297,0.8084182739257812,0.74395751953125,0.409948468208313,0.6243475675582886
298,0.8103256225585938,0.750244140625,0.4100784361362457,0.6474082469940186
299,0.8106918334960938,0.74395751953125,0.40964171290397644,0.5846616625785828
300,0.8089675903320312,0.75146484375,0.4105782210826874,0.5818866491317749
301,0.8087387084960938,0.751861572265625,0.41021743416786194,0.6527813673019409
302,0.8106460571289062,0.750457763671875,0.409189909696579,0.5652433037757874
303,0.8093643188476562,0.751251220703125,0.40985414385795593,0.574027955532074
304,0.8091583251953125,0.74755859375,0.4100275933742523,0.6307299137115479
305,0.8103485107421875,0.739105224609375,0.4091438353061676,0.636435329914093
306,0.8091506958007812,0.75030517578125,0.4092962145805359,0.6129003763198853
307,0.8079147338867188,0.74285888671875,0.41155925393104553,0.5956478714942932
308,0.8113479614257812,0.75250244140625,0.4077451229095459,0.5900887250900269
309,0.8111419677734375,0.751861572265625,0.4078124463558197,0.5711657404899597
310,0.8104400634765625,0.7515869140625,0.4074866771697998,0.5914645791053772
311,0.8108749389648438,0.75152587890625,0.40581822395324707,0.5776333212852478
312,0.8104171752929688,0.74981689453125,0.4077531397342682,0.5964874029159546
313,0.8100967407226562,0.75048828125,0.4075952470302582,0.6449705362319946
314,0.8109588623046875,0.748931884765625,0.40749895572662354,0.6550374627113342
315,0.8108978271484375,0.752410888671875,0.4066693186759949,0.5693297386169434
316,0.81060791015625,0.750823974609375,0.4066779911518097,0.5731983780860901
317,0.8109817504882812,0.752288818359375,0.4072190523147583,0.6004278063774109
318,0.8112640380859375,0.750579833984375,0.4063108265399933,0.6159640550613403
319,0.8111495971679688,0.752960205078125,0.40636780858039856,0.6574898362159729
320,0.8116836547851562,0.752685546875,0.4058626890182495,0.5864646434783936
321,0.811614990234375,0.751708984375,0.40471151471138,0.5886715054512024
322,0.811370849609375,0.753173828125,0.4058671295642853,0.6107166409492493
323,0.8112640380859375,0.747039794921875,0.40637296438217163,0.5849610567092896
324,0.812042236328125,0.751617431640625,0.4051598012447357,0.5727247595787048
325,0.8108367919921875,0.75146484375,0.4063374996185303,0.6182510256767273
326,0.8119659423828125,0.7528076171875,0.4050394296646118,0.5918291807174683
327,0.8124542236328125,0.752532958984375,0.40453463792800903,0.6429837346076965
328,0.8115081787109375,0.752471923828125,0.4041748344898224,0.5670961141586304
329,0.8116912841796875,0.753082275390625,0.40466004610061646,0.5682742595672607
330,0.8119735717773438,0.752227783203125,0.4055560827255249,0.607151985168457
331,0.8126296997070312,0.753204345703125,0.4039250314235687,0.6480335593223572
332,0.8114013671875,0.75103759765625,0.4054391384124756,0.6833611130714417
333,0.81170654296875,0.7530517578125,0.4043430685997009,0.5680921077728271
334,0.8121261596679688,0.75335693359375,0.403865784406662,0.6088755130767822
335,0.8115234375,0.751953125,0.403775155544281,0.654252290725708
336,0.8134689331054688,0.752685546875,0.4025859534740448,0.590364933013916
337,0.8130645751953125,0.75335693359375,0.4031623303890228,0.5743395686149597
338,0.8130645751953125,0.75262451171875,0.40388110280036926,0.5826131105422974
339,0.8124008178710938,0.753082275390625,0.402657687664032,0.5663493275642395
340,0.8126754760742188,0.7528076171875,0.4040983021259308,0.6274603605270386
341,0.81256103515625,0.752655029296875,0.40355992317199707,0.5757367014884949
342,0.811798095703125,0.753204345703125,0.4038771390914917,0.5614401698112488
343,0.8125381469726562,0.753204345703125,0.4040830731391907,0.574462890625
344,0.8124542236328125,0.753173828125,0.4042339026927948,0.5703318119049072
345,0.8120803833007812,0.753387451171875,0.4044702649116516,0.6491293907165527
346,0.8119735717773438,0.75201416015625,0.4040045738220215,0.6677380204200745
347,0.8121490478515625,0.75225830078125,0.40395769476890564,0.6573631167411804
348,0.8132705688476562,0.7532958984375,0.4033035635948181,0.5637643933296204
349,0.8125076293945312,0.75323486328125,0.4037977159023285,0.5889769792556763
350,0.8118820190429688,0.75323486328125,0.4044986069202423,0.5986030101776123
351,0.812652587890625,0.752838134765625,0.40327197313308716,0.6316549181938171
352,0.8130645751953125,0.753570556640625,0.4024021029472351,0.6428530216217041
353,0.8120956420898438,0.752105712890625,0.40318042039871216,0.5660797953605652
354,0.8130340576171875,0.752685546875,0.40296924114227295,0.6376909017562866
355,0.813323974609375,0.752960205078125,0.40262123942375183,0.6092656850814819
356,0.812408447265625,0.753662109375,0.4034394919872284,0.562487781047821
357,0.812835693359375,0.75238037109375,0.4028300940990448,0.5646673440933228
358,0.8124160766601562,0.7532958984375,0.40372559428215027,0.5769140720367432
359,0.8123092651367188,0.753143310546875,0.4025596082210541,0.5869848728179932
360,0.813629150390625,0.753021240234375,0.4025360643863678,0.5886626839637756
361,0.8132858276367188,0.752685546875,0.4034918248653412,0.5967509746551514
362,0.812744140625,0.753326416015625,0.4036512076854706,0.6047166585922241
363,0.8124465942382812,0.753082275390625,0.4033260643482208,0.5788546800613403
364,0.8130416870117188,0.753021240234375,0.402669757604599,0.5769492387771606
365,0.8123397827148438,0.752349853515625,0.4030044674873352,0.574175238609314
366,0.8134689331054688,0.7529296875,0.40189123153686523,0.5637386441230774
367,0.8119964599609375,0.752166748046875,0.40332821011543274,0.5715408325195312
368,0.8122711181640625,0.7535400390625,0.4030202329158783,0.6306558847427368
369,0.8138580322265625,0.753265380859375,0.402570515871048,0.5669571161270142
370,0.8126144409179688,0.752655029296875,0.4033524692058563,0.5639151930809021
371,0.81268310546875,0.753326416015625,0.40228885412216187,0.5844696760177612
372,0.8131027221679688,0.753204345703125,0.4030637741088867,0.5678247213363647
373,0.8127975463867188,0.7523193359375,0.4018143117427826,0.5962453484535217
374,0.8127212524414062,0.752960205078125,0.4036758840084076,0.6156755089759827
375,0.813018798828125,0.7525634765625,0.4021686613559723,0.6531705260276794
376,0.812255859375,0.75286865234375,0.40335848927497864,0.567612886428833
377,0.8131256103515625,0.7510986328125,0.40190964937210083,0.567112386226654
378,0.8124771118164062,0.753173828125,0.4036571979522705,0.6001019477844238
379,0.8131332397460938,0.753204345703125,0.40281057357788086,0.5829528570175171
380,0.8128509521484375,0.752593994140625,0.40301015973091125,0.5854334831237793
381,0.8137054443359375,0.753082275390625,0.4026695191860199,0.6450966000556946
382,0.8132781982421875,0.752288818359375,0.4026428461074829,0.6400784254074097
383,0.8134841918945312,0.7532958984375,0.40355217456817627,0.6573981046676636
384,0.8126602172851562,0.752960205078125,0.40393027663230896,0.6462767124176025
385,0.8131256103515625,0.75335693359375,0.4022642970085144,0.5798138976097107
386,0.8125991821289062,0.753143310546875,0.4031653106212616,0.5877948999404907
387,0.8131637573242188,0.753509521484375,0.40168941020965576,0.568665087223053
388,0.8148956298828125,0.753082275390625,0.4010394811630249,0.6009899377822876
389,0.81219482421875,0.752899169921875,0.4029337465763092,0.6700479984283447
390,0.8134841918945312,0.753143310546875,0.40245068073272705,0.5646075010299683
391,0.8130569458007812,0.7525634765625,0.40357717871665955,0.5776364803314209
392,0.81280517578125,0.753265380859375,0.4026535451412201,0.5631236433982849
393,0.814117431640625,0.753173828125,0.40159353613853455,0.5693643093109131
394,0.81451416015625,0.7532958984375,0.4014734625816345,0.6260147094726562
395,0.8136520385742188,0.752960205078125,0.4025457203388214,0.5632458329200745
396,0.8137435913085938,0.7529296875,0.40161654353141785,0.5738011598587036
397,0.8131103515625,0.753173828125,0.40169042348861694,0.6350809931755066
398,0.8123092651367188,0.75341796875,0.4028797447681427,0.6897035241127014
399,0.8134841918945312,0.75360107421875,0.4024101793766022,0.72663414478302
